canonical_defect_id,authority_sha256,source_file,source_locator,lease,classification,exact_source,proposed_correction,target_locator,disposition,rationale
SITES-COHOMOLOGY-001,5B335CE2C7208A128B3C744B8828D93508063F41A4FABBCE2E921F890928895C,sites-cohomology.tex,sites-cohomology.tex:10957,D,prose_missing_subject,"Since $\text{Map}(-, A)$ is a contravariant functor, implies that","Since $\text{Map}(-, A)$ is a contravariant functor, it follows that",sites-cohomology.part-d.fr.tex:219,corrected_in_translation,"The finite clause lacks a grammatical subject; the intended implication is unambiguous."
SITES-COHOMOLOGY-002,5B335CE2C7208A128B3C744B8828D93508063F41A4FABBCE2E921F890928895C,sites-cohomology.tex,sites-cohomology.tex:10967,D,wrong_derived_functor_side,"computes the left derived functors $H^n(\mathcal{C}, -)$ of $H^0(\mathcal{C}, -)$","computes the right derived functors $H^n(\mathcal{C}, -)$ of $H^0(\mathcal{C}, -)$",sites-cohomology.part-d.fr.tex:227,corrected_in_translation,"The displayed H^n are cohomological right derived functors; the immediately cited lemma is explicitly the right-derived delta-functor lemma."
SITES-COHOMOLOGY-003,5B335CE2C7208A128B3C744B8828D93508063F41A4FABBCE2E921F890928895C,sites-cohomology.tex,sites-cohomology.tex:11047,D,direct_sum_changed_to_product_inside_hom,"\Hom(\prod j_{U_i!}\mathcal{O}_{U_i}, p_{U, *}A)","\Hom(\bigoplus j_{U_i!}\mathcal{O}_{U_i}, p_{U, *}A)",sites-cohomology.part-d.fr.tex:303,corrected_in_translation,"The short exact sequence at source lines 11028-11030 has middle term \bigoplus j_{U_i!}\mathcal{O}_{U_i}; applying Hom contravariantly does not replace that source object by a product inside Hom."
SITES-COHOMOLOGY-004,5B335CE2C7208A128B3C744B8828D93508063F41A4FABBCE2E921F890928895C,sites-cohomology.tex,sites-cohomology.tex:11067,D,wrong_constant_simplicial_set,"This simplicial set is homotopy equivalent to the constant simplicial set on a singleton $\{*\}$","This simplicial set is homotopy equivalent to the constant simplicial set $\Mor_\mathcal{C}(U,U')$",sites-cohomology.part-d.fr.tex:323,corrected_in_translation,"The simplices are factorizations of every composite morphism U to U'; the augmentation lands in the discrete set \Mor_\mathcal{C}(U,U'), whose fibres are contractible. A singleton is correct only when that Hom-set has one element."
SITES-COHOMOLOGY-005,5B335CE2C7208A128B3C744B8828D93508063F41A4FABBCE2E921F890928895C,sites-cohomology.tex,sites-cohomology.tex:11149,D,wrong_cohomological_index,"H^p(M)(V) \otimes_{\mathcal{O}(V)} \mathcal{O}(U) \to H^b(M)(U)","H^b(M)(V) \otimes_{\mathcal{O}(V)} \mathcal{O}(U) \to H^b(M)(U)",sites-cohomology.part-d.fr.tex:404,corrected_in_translation,"The lemma fixes the top nonzero cohomological degree b and seeks the base-change map for H^b; p is unbound in the statement and proof."
SITES-COHOMOLOGY-006,5B335CE2C7208A128B3C744B8828D93508063F41A4FABBCE2E921F890928895C,sites-cohomology.tex,sites-cohomology.tex:11278,D,prose_typo,"For ever $U$ and $i$ let","For every $U$ and $i$ let",sites-cohomology.part-d.fr.tex:531,corrected_in_translation,"The quantifier is the ordinary English phrase for every; ever is a typographical omission of y."
SITES-COHOMOLOGY-007,5B335CE2C7208A128B3C744B8828D93508063F41A4FABBCE2E921F890928895C,sites-cohomology.tex,sites-cohomology.tex:11286-11287,D,wrong_cardinal_bound,"Observe that $|\Omega^i_U| \leq |K|$ because $\mathcal{S}_n^i(U)$ is so bounded.","Observe that $|\Omega^i_U| \leq \max(\kappa,|K|)$ because $\mathcal{S}_n^i(U)$ is so bounded.",sites-cohomology.part-d.fr.tex:540,corrected_in_translation,"The induction only bounds every S_n by max(kappa,|K|); it does not bound S_n by |K| when the fixed construction cardinal kappa is larger."
SITES-COHOMOLOGY-008,5B335CE2C7208A128B3C744B8828D93508063F41A4FABBCE2E921F890928895C,sites-cohomology.tex,sites-cohomology.tex:11290,D,missing_induction_subscript,"\mathcal{S}^i(U) \cup \Omega^i_U \subset \mathcal{F}^i(U)","\mathcal{S}_n^i(U) \cup \Omega^i_U \subset \mathcal{F}^i(U)",sites-cohomology.part-d.fr.tex:545,corrected_in_translation,"The construction is explicitly of S_{n+1} from S_n; an unsubscripted S is not defined in this paragraph and would not preserve the inductive chain."
SITES-COHOMOLOGY-009,5B335CE2C7208A128B3C744B8828D93508063F41A4FABBCE2E921F890928895C,sites-cohomology.tex,sites-cohomology.tex:11447,D,prose_grammar,"with containing those subsets and such that","containing those subsets and such that",sites-cohomology.part-d.fr.tex:703,corrected_in_translation,"The preposition with cannot govern the present participle in this construction; the intended relative description of the subcomplex is unambiguous."
SITES-COHOMOLOGY-010,5B335CE2C7208A128B3C744B8828D93508063F41A4FABBCE2E921F890928895C,sites-cohomology.tex,sites-cohomology.tex:11600,D,reversed_base_change_isomorphism,"H^i(M)(U) \to H^i(M)(V) \otimes_{\mathcal{O}(V)} \mathcal{O}(U)","H^i(M)(V) \otimes_{\mathcal{O}(V)} \mathcal{O}(U) \to H^i(M)(U)",sites-cohomology.part-d.fr.tex:862,corrected_in_translation,"The restriction map RΓ(V,M) to RΓ(U,M) and the cited characterization of quasi-coherence give the tensor base-change map from V to U, not a canonical arrow in the reverse direction."
SITES-COHOMOLOGY-011,5B335CE2C7208A128B3C744B8828D93508063F41A4FABBCE2E921F890928895C,sites-cohomology.tex,sites-cohomology.tex:11601-11602,D,unbound_object_symbol,"R\Gamma(V, K) \otimes_{\mathcal{O}(V)}^\mathbf{L} \mathcal{O}(U) \to R\Gamma(U, K)","R\Gamma(V, M) \otimes_{\mathcal{O}(V)}^\mathbf{L} \mathcal{O}(U) \to R\Gamma(U, M)",sites-cohomology.part-d.fr.tex:864-865,corrected_in_translation,"This converse paragraph fixes M as its only derived object and concludes that M belongs to QC(O); K is not introduced in the paragraph."
SITES-COHOMOLOGY-012,5B335CE2C7208A128B3C744B8828D93508063F41A4FABBCE2E921F890928895C,sites-cohomology.tex,sites-cohomology.tex:11671;start_byte=428122,D,section_complex_required_by_assumption,"(M^\bullet \otimes_{\mathcal{O}(U)} \mathcal{O}_U)^\#","(\mathcal{M}^\bullet(U) \otimes_{\mathcal{O}(U)} \mathcal{O}_U)^\#",sites-cohomology.part-d.fr.tex:932,corrected_in_translation,"The proof chooses the sheaf complex \mathcal{M}^\bullet at line 11639, while assumption (2) applies to the K-flat \mathcal{O}(U)-complex of sections \mathcal{M}^\bullet(U). The identical generic occurrence at authority line 11619 remains unchanged."
SITES-COHOMOLOGY-013,5B335CE2C7208A128B3C744B8828D93508063F41A4FABBCE2E921F890928895C,sites-cohomology.tex,sites-cohomology.tex:11933,D,undefined_complex_symbol,"\SheafHom_\mathcal{O}(\mathcal{L}^{-q}, \mathcal{I}^p)","\SheafHom_\mathcal{O}(\mathcal{E}^{-q}, \mathcal{I}^p)",sites-cohomology.part-d.fr.tex:1197,corrected_in_translation,"The lemma and proof define the strictly perfect source complex \mathcal{E}^\bullet and the K-injective target \mathcal{I}^\bullet; no complex \mathcal{L}^\bullet is introduced, and the comparison complex immediately above uses \mathcal{E}^{-q}."
SITES-COHOMOLOGY-028,5B335CE2C7208A128B3C744B8828D93508063F41A4FABBCE2E921F890928895C,sites-cohomology.tex,sites-cohomology.tex:12001,D,reversed_natural_comparison_map,"(\mathcal{H}')^\bullet \to \mathcal{H}^\bullet","\mathcal{H}^\bullet \to (\mathcal{H}')^\bullet",sites-cohomology.part-d.fr.tex:1264,corrected_in_translation,"The comparison is induced covariantly in the second Hom argument by the chosen quasi-isomorphism \mathcal{F}^\bullet to \mathcal{I}^\bullet; hence it runs from the F-based total complex H to the I-based total complex H', as in the preceding strictly-perfect lemma."
SITES-COHOMOLOGY-014,5B335CE2C7208A128B3C744B8828D93508063F41A4FABBCE2E921F890928895C,sites-cohomology.tex,sites-cohomology.tex:112,A,prose_character_substitution,"it the {\it $i$th cohomology group ...}","is the {\it $i$th cohomology group ...}",sites-cohomology.part-a.fr.tex:112,corrected_in_translation,"Canon replay identifies the minimal source repair as byte [3979,3980) t→s; the French « est le » was already semantically exact and is unchanged."
SITES-COHOMOLOGY-015,5B335CE2C7208A128B3C744B8828D93508063F41A4FABBCE2E921F890928895C,sites-cohomology.tex,sites-cohomology.tex:115,A,wrong_module_category,"\textit{Mod}(\mathcal{C}) \to \text{Mod}_{\Gamma(\mathcal{C}, \mathcal{O})}","\textit{Mod}(\mathcal{O}) \to \text{Mod}_{\Gamma(\mathcal{C}, \mathcal{O})}",sites-cohomology.part-a.fr.tex:115,corrected_in_translation,"The source category is the category of sheaves of O-modules, hence Mod(O), as fixed throughout the surrounding passage."
SITES-COHOMOLOGY-016,5B335CE2C7208A128B3C744B8828D93508063F41A4FABBCE2E921F890928895C,sites-cohomology.tex,sites-cohomology.tex:684,A,wrong_ambient_category,"a morphism of $\mathcal{O}$","a morphism of $\mathcal{C}$",sites-cohomology.part-a.fr.tex:685,corrected_in_translation,"U and V are objects of the site C; their arrow is a morphism of C, not a morphism of the structure sheaf O."
SITES-COHOMOLOGY-017,5B335CE2C7208A128B3C744B8828D93508063F41A4FABBCE2E921F890928895C,sites-cohomology.tex,sites-cohomology.tex:990,A,wrong_fibre_product_base,"\times_u U_{i_{p + 1}}","\times_U U_{i_{p + 1}}",sites-cohomology.part-a.fr.tex:991,corrected_in_translation,"Every factor in the Cech fibre product is taken over U; lowercase u is undefined and inconsistent with the adjacent factors."
SITES-COHOMOLOGY-018,5B335CE2C7208A128B3C744B8828D93508063F41A4FABBCE2E921F890928895C,sites-cohomology.tex,sites-cohomology.tex:2087,A,reversed_surjection,"assume $K \to K'$ is a surjective map of sheaves","assume $K' \to K$ is a surjective map of sheaves",sites-cohomology.part-a.fr.tex:2067,corrected_in_translation,"The lemma's hypothesis and the singleton covering used next both have direction K' to K."
SITES-COHOMOLOGY-019,5B335CE2C7208A128B3C744B8828D93508063F41A4FABBCE2E921F890928895C,sites-cohomology.tex,"sites-cohomology.tex:2161;sites-cohomology.tex:2164",A,undefined_symbols,"g^{-1}\mathcal{I}","\mathcal{F}","sites-cohomology.part-a.fr.tex:2142;sites-cohomology.part-a.fr.tex:2145",corrected_in_translation,"The lemma is about F and defines neither g nor I; its conclusion also uses F. Three occurrences in the two cited formulae are corrected."
SITES-COHOMOLOGY-020,5B335CE2C7208A128B3C744B8828D93508063F41A4FABBCE2E921F890928895C,sites-cohomology.tex,sites-cohomology.tex:2189,A,prose_typo,"covering to $H^{p + q}(K, \mathcal{F})$","converging to $H^{p + q}(K, \mathcal{F})$",sites-cohomology.part-a.fr.tex:2170,corrected_in_translation,"A spectral sequence converges to its abutment; covering is an evident typographical substitution."
SITES-COHOMOLOGY-021,5B335CE2C7208A128B3C744B8828D93508063F41A4FABBCE2E921F890928895C,sites-cohomology.tex,sites-cohomology.tex:2315,A,undefined_topos_index,"\mathcal{O}_\mathcal{X}","\mathcal{O}_\mathcal{C}",sites-cohomology.part-a.fr.tex:2292,corrected_in_translation,"X is undefined; the injective module lives on the source topos indexed by C."
SITES-COHOMOLOGY-022,5B335CE2C7208A128B3C744B8828D93508063F41A4FABBCE2E921F890928895C,sites-cohomology.tex,sites-cohomology.tex:2361-2362,A,wrong_spectral_sequence_property,"conditions that force the Leray spectral sequence to converge","conditions that force the Leray spectral sequence to degenerate","sites-cohomology.part-a.fr.tex:2339-2340",corrected_in_translation,"Convergence was established by the preceding lemma; the stated vanishing conditions force degeneration."
SITES-COHOMOLOGY-023,5B335CE2C7208A128B3C744B8828D93508063F41A4FABBCE2E921F890928895C,sites-cohomology.tex,"sites-cohomology.tex:2420;sites-cohomology.tex:2423;sites-cohomology.tex:2424",A,prose_typos,"an representative; It preserved; as indicated we indicate","a representative; It preserves; as indicated we denote",sites-cohomology.part-a.fr.tex:2398-2402,corrected_in_translation,"Canon replay preserves finite verbs in all three repairs; the existing French « d'un représentant », « Il préserve », and « comme annoncé, nous notons » is already exact and is unchanged."
SITES-COHOMOLOGY-024,5B335CE2C7208A128B3C744B8828D93508063F41A4FABBCE2E921F890928895C,sites-cohomology.tex,sites-cohomology.tex:2625-2626,A,spurious_punctuation,"Lemma \ref{lemma-cech-vanish-collection}. are satisfied","Lemma \ref{lemma-cech-vanish-collection} are satisfied",sites-cohomology.part-a.fr.tex:2598-2600,corrected_in_translation,"The period separates the grammatical subject from its verb; French restores the continuous sentence."
SITES-COHOMOLOGY-025,5B335CE2C7208A128B3C744B8828D93508063F41A4FABBCE2E921F890928895C,sites-cohomology.tex,sites-cohomology.tex:2733,A,missing_parenthesis,"$S_n \subset \Ob(\Sh(\mathcal{C}/K^n)$","$S_n \subset \Ob(\Sh(\mathcal{C}/K^n))$",sites-cohomology.part-a.fr.tex:2702,corrected_in_translation,"The Ob(Sh(...)) expression is missing its closing parenthesis."
SITES-COHOMOLOGY-026,5B335CE2C7208A128B3C744B8828D93508063F41A4FABBCE2E921F890928895C,sites-cohomology.tex,sites-cohomology.tex:2749,A,prose_typo,"this is possibly by assumption (3)","this is possible by assumption (3)",sites-cohomology.part-a.fr.tex:2717,corrected_in_translation,"The intended adjective is possible, not the adverb possibly."
SITES-COHOMOLOGY-027,5B335CE2C7208A128B3C744B8828D93508063F41A4FABBCE2E921F890928895C,sites-cohomology.tex,sites-cohomology.tex:3145,A,wrong_tensor_base,"H^p(\mathcal{L}^\bullet \otimes_R \mathcal{K}^q)","H^p(\mathcal{L}^\bullet \otimes_\mathcal{O} \mathcal{K}^q)",sites-cohomology.part-a.fr.tex:3109,corrected_in_translation,"R is undefined here; both complexes are O-modules and all adjacent tensor products are over O."
SITES-COHOMOLOGY-029,5B335CE2C7208A128B3C744B8828D93508063F41A4FABBCE2E921F890928895C,sites-cohomology.tex,"sites-cohomology.tex:3549;sites-cohomology.tex:3579",B,wrong_boundedness,"bounded below complexes of flat modules","bounded above complexes of flat modules","sites-cohomology.part-b.fr.tex:57;sites-cohomology.part-b.fr.tex:87",corrected_in_translation,"The K_n complexes are explicitly bounded above at line 3530, and the kernels M_n of maps between the displayed bounded-above complexes are bounded above; the two later below occurrences reverse that property."
SITES-COHOMOLOGY-030,5B335CE2C7208A128B3C744B8828D93508063F41A4FABBCE2E921F890928895C,sites-cohomology.tex,sites-cohomology.tex:5534,B,prose_missing_preposition,"is the inverse limit the sections","is the inverse limit of the sections",sites-cohomology.part-b.fr.tex:2027,corrected_in_translation,"The inverse limit takes the sections as its complement; the preposition of is missing."
SITES-COHOMOLOGY-031,5B335CE2C7208A128B3C744B8828D93508063F41A4FABBCE2E921F890928895C,sites-cohomology.tex,sites-cohomology.tex:5555,B,prose_missing_infinitive_marker,"we can use ... produce a diagram","we can use ... to produce a diagram",sites-cohomology.part-b.fr.tex:2045-2048,corrected_in_translation,"The English construction requires to before produce; the French target is grammatical."
SITES-COHOMOLOGY-032,5B335CE2C7208A128B3C744B8828D93508063F41A4FABBCE2E921F890928895C,sites-cohomology.tex,sites-cohomology.tex:5587,B,sentence_fragment,"In the situation described above. Denote","In the situation described above, denote",sites-cohomology.part-b.fr.tex:2080,corrected_in_translation,"The period leaves a sentence fragment and disconnects the introductory phrase from its finite verb."
SITES-COHOMOLOGY-033,5B335CE2C7208A128B3C744B8828D93508063F41A4FABBCE2E921F890928895C,sites-cohomology.tex,sites-cohomology.tex:5597,B,wrong_formula_punctuation,"H^p(U. \mathcal{H}^{m - p})","H^p(U, \mathcal{H}^{m - p})",sites-cohomology.part-b.fr.tex:2090,corrected_in_translation,"The cohomology arguments require a comma; the period makes the formula malformed."
SITES-COHOMOLOGY-034,5B335CE2C7208A128B3C744B8828D93508063F41A4FABBCE2E921F890928895C,sites-cohomology.tex,sites-cohomology.tex:6011,B,prose_missing_verb,"Thus a canonical map","Thus we obtain a canonical map",sites-cohomology.part-b.fr.tex:2502,corrected_in_translation,"The English clause lacks a finite verb; the surrounding construction canonically produces the displayed map."
SITES-COHOMOLOGY-035,5B335CE2C7208A128B3C744B8828D93508063F41A4FABBCE2E921F890928895C,sites-cohomology.tex,sites-cohomology.tex:6626,B,missing_prime,"\epsilon^*\mathcal{F}_2","\epsilon^*\mathcal{F}'_2",sites-cohomology.part-b.fr.tex:3108,corrected_in_translation,"The exact sequence and every adjacent term are indexed F'_0 through F'_4; the unprimed F_2 is not the middle term under discussion."
SITES-COHOMOLOGY-036,5B335CE2C7208A128B3C744B8828D93508063F41A4FABBCE2E921F890928895C,sites-cohomology.tex,sites-cohomology.tex:6750,B,duplicate_article,"is a a tau-sheaf","is a tau-sheaf",sites-cohomology.part-b.fr.tex:3231,corrected_in_translation,"The repeated English article is typographical and is absent from the French sentence."
SITES-COHOMOLOGY-037,5B335CE2C7208A128B3C744B8828D93508063F41A4FABBCE2E921F890928895C,sites-cohomology.tex,sites-cohomology.tex:6781,B,prose_missing_infinitive_marker,"urge the reader skip the proof","urge the reader to skip the proof",sites-cohomology.part-b.fr.tex:3260-3261,corrected_in_translation,"The English verb urge requires to before the infinitive; French uses the corresponding grammatical construction."
SITES-COHOMOLOGY-038,5B335CE2C7208A128B3C744B8828D93508063F41A4FABBCE2E921F890928895C,sites-cohomology.tex,sites-cohomology.tex:6823,C,wrong_topos_base,"\Sh(\mathcal{C}_{\tau'}/X)","\Sh(\mathcal{C}_{\tau'}/Y)",sites-cohomology.part-c.fr.tex:17,corrected_in_translation,"The lower-right corner is over Y; the horizontal morphism is f_{\tau'}."
SITES-COHOMOLOGY-039,5B335CE2C7208A128B3C744B8828D93508063F41A4FABBCE2E921F890928895C,sites-cohomology.tex,"sites-cohomology.tex:7301;sites-cohomology.tex:7339",C,wrong_derived_category_base,"D^+_{\mathcal{A}'_X}(\mathcal{C}_{\tau'}/Y); D^+_{\mathcal{A}'_X}(\mathcal{C}_{\tau'}/X)","D^+_{\mathcal{A}'_Y}(\mathcal{C}_{\tau'}/Y) in both occurrences","sites-cohomology.part-c.fr.tex:506;sites-cohomology.part-c.fr.tex:543",corrected_in_translation,"The direct image Rf_{\tau',*}K' lies over Y."
SITES-COHOMOLOGY-040,5B335CE2C7208A128B3C744B8828D93508063F41A4FABBCE2E921F890928895C,sites-cohomology.tex,"sites-cohomology.tex:7322;sites-cohomology.tex:7324",C,unbound_degree_index,"H^i(K') = H^i(K'); H^i(K')","H^n(K') = H^n(K'); H^n(K')","sites-cohomology.part-c.fr.tex:527;sites-cohomology.part-c.fr.tex:529",corrected_in_translation,"The displayed computation fixes degree n; i is unbound."
SITES-COHOMOLOGY-041,5B335CE2C7208A128B3C744B8828D93508063F41A4FABBCE2E921F890928895C,sites-cohomology.tex,"sites-cohomology.tex:7548;sites-cohomology.tex:7554;sites-cohomology.tex:7560",C,wrong_nested_cover_index,"X_{ij}; g_{ij}; f_i(g_{ij}(F_{e_k,j}))","X_{i_a j}; g_{i_a j}; f_{i_a}(g_{i_a j}(F_{e_k,j}))","sites-cohomology.part-c.fr.tex:759-760;sites-cohomology.part-c.fr.tex:766;sites-cohomology.part-c.fr.tex:772",corrected_in_translation,"The selected outer covering index is i_a, not i."
SITES-COHOMOLOGY-042,5B335CE2C7208A128B3C744B8828D93508063F41A4FABBCE2E921F890928895C,sites-cohomology.tex,sites-cohomology.tex:7600,C,missing_set_parentheses,"f(X \setminus U_{x_1} \cup \ldots \cup U_{x_n})","f(X \setminus (U_{x_1} \cup \ldots \cup U_{x_n}))",sites-cohomology.part-c.fr.tex:812,corrected_in_translation,"The set difference applies to the whole union."
SITES-COHOMOLOGY-043,5B335CE2C7208A128B3C744B8828D93508063F41A4FABBCE2E921F890928895C,sites-cohomology.tex,sites-cohomology.tex:7948,C,wrong_composite_side,"a_Y = \pi_X \circ \epsilon_X","a_Y = \pi_Y \circ \epsilon_Y",sites-cohomology.part-c.fr.tex:1160,corrected_in_translation,"The Y-side composite must use the Y-indexed maps."
SITES-COHOMOLOGY-044,5B335CE2C7208A128B3C744B8828D93508063F41A4FABBCE2E921F890928895C,sites-cohomology.tex,sites-cohomology.tex:8085,C,repeated_inverse_factor,"\epsilon_X^{-1} \circ a_X^{-1}","\epsilon_X^{-1} \circ \pi_X^{-1}",sites-cohomology.part-c.fr.tex:1305,corrected_in_translation,"This is the factorization of a_X^{-1} through \pi_X^{-1}."
SITES-COHOMOLOGY-045,5B335CE2C7208A128B3C744B8828D93508063F41A4FABBCE2E921F890928895C,sites-cohomology.tex,sites-cohomology.tex:8117,C,reversed_composition,"a_X = \epsilon_X \circ \pi_X","a_X = \pi_X \circ \epsilon_X",sites-cohomology.part-c.fr.tex:1337,corrected_in_translation,"The defining diagram fixes the composition order."
SITES-COHOMOLOGY-046,5B335CE2C7208A128B3C744B8828D93508063F41A4FABBCE2E921F890928895C,sites-cohomology.tex,"sites-cohomology.tex:8291;sites-cohomology.tex:8295;sites-cohomology.tex:8299;sites-cohomology.tex:8313;sites-cohomology.tex:8317;sites-cohomology.tex:8321",C,wrong_tensor_base,"\mathcal{O}_{\mathcal{D}} in six C-side tensor products","\mathcal{O}_{\mathcal{C}} in all six occurrences","sites-cohomology.part-c.fr.tex:1512;sites-cohomology.part-c.fr.tex:1516;sites-cohomology.part-c.fr.tex:1520;sites-cohomology.part-c.fr.tex:1534;sites-cohomology.part-c.fr.tex:1538;sites-cohomology.part-c.fr.tex:1542",corrected_in_translation,"After inverse image to C, the tensor base is O_C."
SITES-COHOMOLOGY-047,5B335CE2C7208A128B3C744B8828D93508063F41A4FABBCE2E921F890928895C,sites-cohomology.tex,sites-cohomology.tex:8513,C,unmatched_parenthesis,"L(f' \circ f)^*R(f' \circ f)_*L)","L(f' \circ f)^*R(f' \circ f)_*L",sites-cohomology.part-c.fr.tex:1734,corrected_in_translation,"The source has an unmatched closing parenthesis."
SITES-COHOMOLOGY-048,5B335CE2C7208A128B3C744B8828D93508063F41A4FABBCE2E921F890928895C,sites-cohomology.tex,sites-cohomology.tex:8534,C,missing_parenthesis,"(\Sh(\mathcal{C}, \mathcal{O}_{\mathcal{C}}) \ar[d]^f","(\Sh(\mathcal{C}), \mathcal{O}_{\mathcal{C}}) \ar[d]^f",sites-cohomology.part-c.fr.tex:1755,corrected_in_translation,"The Sh(C) argument lacks its closing parenthesis."
SITES-COHOMOLOGY-049,5B335CE2C7208A128B3C744B8828D93508063F41A4FABBCE2E921F890928895C,sites-cohomology.tex,sites-cohomology.tex:8549,C,malformed_cup_product,"R(f')_*(L(g')^*K \otimes_{\mathcal{O}_{\mathcal{D}'}} R(f')_*(L(g')^*L","R(f')_*L(g')^*K \otimes_{\mathcal{O}_{\mathcal{D}'}}^\mathbf{L} R(f')_*L(g')^*L",sites-cohomology.part-c.fr.tex:1770,corrected_in_translation,"The lower-left cup-product term has misplaced parentheses and omits the derived tensor marker."
SITES-COHOMOLOGY-050,5B335CE2C7208A128B3C744B8828D93508063F41A4FABBCE2E921F890928895C,sites-cohomology.tex,sites-cohomology.tex:8683,C,extraneous_complex,"\mathcal{K}^\bullet, \mathcal{L}^\bullet, \mathcal{M}^\bullet","\mathcal{K}^\bullet, \mathcal{L}^\bullet",sites-cohomology.part-c.fr.tex:1904,corrected_in_translation,"Only K and L occur and the conclusion refers to both complexes."
SITES-COHOMOLOGY-051,5B335CE2C7208A128B3C744B8828D93508063F41A4FABBCE2E921F890928895C,sites-cohomology.tex,sites-cohomology.tex:9803,C,wrong_localized_topos,"\Sh(\mathcal{C}), \mathcal{O}_U","\Sh(\mathcal{C}/U), \mathcal{O}_U",sites-cohomology.part-c.fr.tex:3026,corrected_in_translation,"The upper-right topos is localized at U."
SITES-COHOMOLOGY-052,5B335CE2C7208A128B3C744B8828D93508063F41A4FABBCE2E921F890928895C,sites-cohomology.tex,sites-cohomology.tex:9819,C,undefined_base_category,"p' : \mathcal{C}' \to \mathcal{D}'","p' : \mathcal{C}' \to \mathcal{D}",sites-cohomology.part-c.fr.tex:3042,corrected_in_translation,"The common base is D; D' is undefined."
SITES-COHOMOLOGY-053,5B335CE2C7208A128B3C744B8828D93508063F41A4FABBCE2E921F890928895C,sites-cohomology.tex,sites-cohomology.tex:10224,C,wrong_adjoint_direction,"right adjoint","left adjoint",sites-cohomology.part-c.fr.tex:3444,corrected_in_translation,"The composites are left-derived left adjoints."
SITES-COHOMOLOGY-054,5B335CE2C7208A128B3C744B8828D93508063F41A4FABBCE2E921F890928895C,sites-cohomology.tex,sites-cohomology.tex:10490,C,prose_missing_preposition,"a map sheaf of rings","a map of sheaves of rings",sites-cohomology.part-c.fr.tex:3714,corrected_in_translation,"The English phrase is missing 'of sheaves'."
SITES-COHOMOLOGY-055,5B335CE2C7208A128B3C744B8828D93508063F41A4FABBCE2E921F890928895C,sites-cohomology.tex,sites-cohomology.tex:10591,C,wrong_chain_start,"U_{i,n+1}","U_{i,n}",sites-cohomology.part-c.fr.tex:3816,corrected_in_translation,"An element of K_n is expanded using a chain starting at U_{i,n}."
SITES-COHOMOLOGY-056,5B335CE2C7208A128B3C744B8828D93508063F41A4FABBCE2E921F890928895C,sites-cohomology.tex,sites-cohomology.tex:10595,C,prose_typo,"occurs are most once","occurs at most once",sites-cohomology.part-c.fr.tex:3819-3820,corrected_in_translation,"The source phrase is ungrammatical."
SITES-COHOMOLOGY-057,5B335CE2C7208A128B3C744B8828D93508063F41A4FABBCE2E921F890928895C,sites-cohomology.tex,sites-cohomology.tex:10597,C,wrong_degree_object,"K_\bullet(\mathcal{F}^+)(V)","K_n(\mathcal{F}^+)(V)",sites-cohomology.part-c.fr.tex:3822,corrected_in_translation,"The proof works in the fixed degree n."
SITES-COHOMOLOGY-058,5B335CE2C7208A128B3C744B8828D93508063F41A4FABBCE2E921F890928895C,sites-cohomology.tex,sites-cohomology.tex:10625,C,wrong_functor_codomain,"\textit{PAb}(\mathcal{C}) \to \textit{Ab}(\mathcal{C})","\textit{PAb}(\mathcal{C}) \to \textit{Ab}(\mathcal{D})",sites-cohomology.part-c.fr.tex:3850,corrected_in_translation,"The functors L_n produce sheaves on D."
SITES-COHOMOLOGY-059,5B335CE2C7208A128B3C744B8828D93508063F41A4FABBCE2E921F890928895C,sites-cohomology.tex,sites-cohomology.tex:10642,C,unmatched_parenthesis,"\mathcal{D})","\mathcal{D}",sites-cohomology.part-c.fr.tex:3867,corrected_in_translation,"The source has an unmatched closing parenthesis."
SITES-COHOMOLOGY-060,5B335CE2C7208A128B3C744B8828D93508063F41A4FABBCE2E921F890928895C,sites-cohomology.tex,sites-cohomology.tex:12200,D,missing_index,"H^j(\beta)","H^j(\beta_i)",sites-cohomology.part-d.fr.tex:1463,corrected_in_translation,"The paragraph defines only the indexed maps beta_i."
SITES-COHOMOLOGY-061,5B335CE2C7208A128B3C744B8828D93508063F41A4FABBCE2E921F890928895C,sites-cohomology.tex,sites-cohomology.tex:12204,D,missing_indices,"\gamma_i : \mathcal{K}^\bullet \to \mathcal{L}^\bullet","\gamma_i : \mathcal{K}_i^\bullet \to \mathcal{L}_i^\bullet",sites-cohomology.part-d.fr.tex:1466,corrected_in_translation,"Only the indexed local complexes K_i and L_i are defined in this proof."
SITES-COHOMOLOGY-062,5B335CE2C7208A128B3C744B8828D93508063F41A4FABBCE2E921F890928895C,sites-cohomology.tex,"sites-cohomology.tex:12258;sites-cohomology.tex:12260",D,prose_typos,"with H^i(\alpha) and isomorphism; H^i(\beta) and isomorphism","with H^i(\alpha) an isomorphism; H^i(\beta) an isomorphism",sites-cohomology.part-d.fr.tex:1519-1521,corrected_in_translation,"The indefinite article is mistyped as the conjunction in both clauses."
SITES-COHOMOLOGY-063,5B335CE2C7208A128B3C744B8828D93508063F41A4FABBCE2E921F890928895C,sites-cohomology.tex,sites-cohomology.tex:12326,D,duplicate_finite_verb,"H^m(K) is can be generated","H^m(K) can be generated",sites-cohomology.part-d.fr.tex:1583,corrected_in_translation,"The clause has two incompatible finite verbs."
SITES-COHOMOLOGY-064,5B335CE2C7208A128B3C744B8828D93508063F41A4FABBCE2E921F890928895C,sites-cohomology.tex,sites-cohomology.tex:12340,D,undefined_complex_symbol,"H^n(E^\bullet) = 0","H^n(\mathcal{E}^\bullet) = 0",sites-cohomology.part-d.fr.tex:1596,corrected_in_translation,"The proof defines the complex mathcal E, not E."
SITES-COHOMOLOGY-065,5B335CE2C7208A128B3C744B8828D93508063F41A4FABBCE2E921F890928895C,sites-cohomology.tex,sites-cohomology.tex:12461,D,undefined_complex_symbol,"K^\bullet is a complex of flat modules","\mathcal{K}^\bullet is a complex of flat modules",sites-cohomology.part-d.fr.tex:1715,corrected_in_translation,"The resolution being truncated is mathcal K; K is the derived object."
SITES-COHOMOLOGY-066,5B335CE2C7208A128B3C744B8828D93508063F41A4FABBCE2E921F890928895C,sites-cohomology.tex,sites-cohomology.tex:12538-12539,D,spurious_punctuation,"By Lemma \ref{lemma-K-flat-two-out-of-three-ses}. the complex","By Lemma \ref{lemma-K-flat-two-out-of-three-ses}, the complex",sites-cohomology.part-d.fr.tex:1792,corrected_in_translation,"The period incorrectly splits the introductory phrase from its clause."
SITES-COHOMOLOGY-067,5B335CE2C7208A128B3C744B8828D93508063F41A4FABBCE2E921F890928895C,sites-cohomology.tex,sites-cohomology.tex:12555-12560,D,prose_typos,"represent E by a complex of \mathcal{E}^\bullet; the module f^*\mathcal{E}^i are flat","represent E by a complex \mathcal{E}^\bullet; the modules f^*\mathcal{E}^i are flat",sites-cohomology.part-d.fr.tex:1807-1812,corrected_in_translation,"The first clause has a redundant preposition and the second has number disagreement."
SITES-COHOMOLOGY-068,5B335CE2C7208A128B3C744B8828D93508063F41A4FABBCE2E921F890928895C,sites-cohomology.tex,sites-cohomology.tex:13066,D,prose_typo,"We will us without further mention","We will use without further mention",sites-cohomology.part-d.fr.tex:2310,corrected_in_translation,"The infinitive is missing its final letter."
SITES-COHOMOLOGY-069,5B335CE2C7208A128B3C744B8828D93508063F41A4FABBCE2E921F890928895C,sites-cohomology.tex,sites-cohomology.tex:13073-13075,D,undefined_structure_sheaf_index,"R\SheafHom(\mathcal{O}_X,\mathcal{O}_X)\otimes_{\mathcal{O}_X}^\mathbf{L}K \to R\SheafHom(R\SheafHom(K,\mathcal{O}_X),\mathcal{O}_X)","R\SheafHom(\mathcal{O},\mathcal{O})\otimes_{\mathcal{O}}^\mathbf{L}K \to R\SheafHom(R\SheafHom(K,\mathcal{O}),\mathcal{O})",sites-cohomology.part-d.fr.tex:2316-2318,corrected_in_translation,"The lemma assumes an arbitrary ringed site and defines no final object X."
SITES-COHOMOLOGY-070,5B335CE2C7208A128B3C744B8828D93508063F41A4FABBCE2E921F890928895C,sites-cohomology.tex,sites-cohomology.tex:13609,D,wrong_homotopy_composite,"b \circ a = 1 and b \circ a - 1 = dh + hd","b \circ a = 1 and a \circ b - 1 = dh + hd",sites-cohomology.part-d.fr.tex:2839,corrected_in_translation,"The preceding paragraph chooses a homotopy from alpha composed with beta to the identity."
SITES-COHOMOLOGY-071,5B335CE2C7208A128B3C744B8828D93508063F41A4FABBCE2E921F890928895C,sites-cohomology.tex,sites-cohomology.tex:13857,D,wrong_cross_reference_number,"Let (\mathcal{F}_n) be a system as in (2)","Let (\mathcal{F}_n) be a system as in (3)",sites-cohomology.part-d.fr.tex:3083,corrected_in_translation,"The inverse system with surjective transitions is item (3), not item (2)."
SITES-COHOMOLOGY-072,5B335CE2C7208A128B3C744B8828D93508063F41A4FABBCE2E921F890928895C,sites-cohomology.tex,"sites-cohomology.tex:13961;sites-cohomology.tex:13976;sites-cohomology.tex:13998",D,wrong_ambient_category,"D^{-}(R); D(R); D(R)","D^{-}(\mathcal{A}); D(\mathcal{A}); D(\mathcal{A})","sites-cohomology.part-d.fr.tex:3186;sites-cohomology.part-d.fr.tex:3201;sites-cohomology.part-d.fr.tex:3222",corrected_in_translation,"The lemma is stated for a Grothendieck abelian category mathcal A and defines no ring R."
SITES-COHOMOLOGY-073,5B335CE2C7208A128B3C744B8828D93508063F41A4FABBCE2E921F890928895C,sites-cohomology.tex,sites-cohomology.tex:13984,D,prose_missing_verb,"such that L^i a finite direct sum","such that L^i is a finite direct sum",sites-cohomology.part-d.fr.tex:3209,corrected_in_translation,"The relative clause lacks its finite verb."
SITES-COHOMOLOGY-074,5B335CE2C7208A128B3C744B8828D93508063F41A4FABBCE2E921F890928895C,sites-cohomology.tex,"sites-cohomology.tex:14011;sites-cohomology.tex:14014",D,wrong_degree_symbol,"(\bigoplus E_\lambda)[-i]; in degree i","(\bigoplus E_\lambda)[-c]; in degree c","sites-cohomology.part-d.fr.tex:3236;sites-cohomology.part-d.fr.tex:3239",corrected_in_translation,"The claim fixes degree c; i is unbound in this paragraph."
SITES-COHOMOLOGY-075,5B335CE2C7208A128B3C744B8828D93508063F41A4FABBCE2E921F890928895C,sites-cohomology.tex,sites-cohomology.tex:14089,D,wrong_vanishing_range,"for all p","for all p > 0",sites-cohomology.part-d.fr.tex:3313,corrected_in_translation,"Injective sheaves are acyclic in positive degrees; H^0 need not vanish."
SITES-COHOMOLOGY-076,5B335CE2C7208A128B3C744B8828D93508063F41A4FABBCE2E921F890928895C,sites-cohomology.tex,sites-cohomology.tex:14102,D,duplicated_direct_sum_inside_sections,"\bigoplus \Gamma(U, \bigoplus \mathcal{I}_i^\bullet)","\bigoplus \Gamma(U, \mathcal{I}_i^\bullet)",sites-cohomology.part-d.fr.tex:3324,corrected_in_translation,"The outer direct sum ranges over the individual complexes; the inner direct sum is duplicated."
SITES-COHOMOLOGY-077,5B335CE2C7208A128B3C744B8828D93508063F41A4FABBCE2E921F890928895C,sites-cohomology.tex,sites-cohomology.tex:14275-14276,D,colliding_indices,"a covering {U_i \to X} such that x_i lifts to H^b(U_i,K)","after a common finite refinement every generator x_j lifts to H^b(U_i,K) on every covering member U_i",sites-cohomology.part-d.fr.tex:3489-3491,corrected_in_translation,"The cover index i was incorrectly reused as the generator index and failed to express simultaneous lifting of all r generators."
SITES-COHOMOLOGY-078,5B335CE2C7208A128B3C744B8828D93508063F41A4FABBCE2E921F890928895C,sites-cohomology.tex,sites-cohomology.tex:14297,D,wrong_category_parameter,"D(\mathcal{C}, \underline{\Lambda})","D(\mathcal{C}, \Lambda)",sites-cohomology.part-d.fr.tex:3510,corrected_in_translation,"The section defines D(C,Lambda); underlining denotes the associated sheaf, not the category parameter."
SITES-COHOMOLOGY-079,5B335CE2C7208A128B3C744B8828D93508063F41A4FABBCE2E921F890928895C,sites-cohomology.tex,sites-cohomology.tex:14299,D,missing_constant_sheaf_decoration,"L \to \Lambda^{\oplus r}[-b+1]","L \to \underline{\Lambda^{\oplus r}}[-b+1]",sites-cohomology.part-d.fr.tex:3513,corrected_in_translation,"This is a morphism in the derived category of sheaves, so the constant module must carry its sheaf decoration."
